{"TopLeftCornerLonLat":{"Lon":4.1303633,"Lat":55.1995133},"BotRightCornerLonLat":{"Lon":37.9033283,"Lat":41.69992}}